,名前,ポジション,デュレーション,00_01_GameCount,00_02_Time Out,00_03_Point,00_04_#,01_SV_00,01_SV_01,01_SV_02,01_SV_03,02_RV_00,02_RV_01,02_RV_02,02_RV_03,利き手,攻守
2,Abyell,106600,6533,0:00,0:00,Abyell,#03,NAGASAKI Miyu,Back,B,BS,MAEDA Miyu,B,Push,B,L,攻撃
3,Abyell,119133,6333,0:00,0:00,Abyell,#03,NAGASAKI Miyu,Back,B,BS,MAEDA Miyu,B,Stop,FMS,L,攻撃
6,Abyell,171400,7800,0:00,0:00,RedELF,#06,KIMURA Kasumi,Back,B,FMS,AKAE Kaho,F,Push,BMS,R,攻撃
7,Abyell,187333,6800,0:00,0:00,RedELF,#04,KIMURA Kasumi,Back,F,FMS,AKAE Kaho,F,Push,BM,R,攻撃
10,Abyell,230800,5666,0:00,0:00,,SV Let,NAGASAKI Miyu,Back,B,,MAEDA Miyu,,,,L,攻撃
11,Abyell,239533,8333,0:00,0:00,Abyell,#05,NAGASAKI Miyu,Back,B,BMS,MAEDA Miyu,B,Flick,B,L,攻撃
12,Abyell,254933,7200,0:00,0:00,RedELF,#02,NAGASAKI Miyu,Back,B,BMS,MAEDA Miyu,B,Flick,F,L,攻撃
15,Abyell,308900,4866,0:00,0:00,Abyell,#01,KIMURA Kasumi,Back,F,FMS,AKAE Kaho,F,Push,ネット,R,攻撃
16,Abyell,320900,5333,0:00,0:00,Abyell,#03,KIMURA Kasumi,Back,B,FMS,AKAE Kaho,F,Push,B,R,攻撃
19,Abyell,374500,7533,0:00,0:00,RedELF,#04,NAGASAKI Miyu,Back,B,BMS,MAEDA Miyu,B,Flick,ネットイン,L,攻撃
20,Abyell,397166,5933,0:00,0:00,Abyell,#01,NAGASAKI Miyu,Side,B,BMS,MAEDA Miyu,B,Flick,ネット,L,攻撃
22,Abyell,512100,5600,1:00,0:00,RedELF,#02,KIMURA Kasumi,Back,F,BMS,MAEDA Miyu,B,Stop,FS,R,攻撃
23,Abyell,522900,8733,1:00,0:00,RedELF,#06,KIMURA Kasumi,Back,F,BMS,MAEDA Miyu,B,Stop,FS,R,攻撃
27,Abyell,649966,6000,1:00,0:01,Abyell,#03,NAGASAKI Miyu,Back,B,FMS,AKAE Kaho,F,Push,B,L,攻撃
28,Abyell,662900,7466,1:00,0:01,RedELF,#04,NAGASAKI Miyu,Back,B,FMS,AKAE Kaho,F,Push,B,L,攻撃
32,Abyell,722000,8200,1:00,0:01,Abyell,#05,KIMURA Kasumi,Back,F,BMS,MAEDA Miyu,B,Stop,FS,R,攻撃
33,Abyell,739466,5533,1:00,0:01,RedELF,#02,KIMURA Kasumi,(Side),F,B,MAEDA Miyu,B,ドライブ,B,R,攻撃
36,Abyell,867200,6533,1:00,1:01,Abyell,#03,NAGASAKI Miyu,Back,B,FS,AKAE Kaho,F,Stop,FS,L,攻撃
37,Abyell,881200,7933,1:00,1:01,Abyell,#03,NAGASAKI Miyu,Back,B,FS,AKAE Kaho,F,Push,B,L,攻撃
40,Abyell,934333,4933,1:00,1:01,,SV Let,KIMURA Kasumi,Back,F,,MAEDA Miyu,,,,R,攻撃
41,Abyell,944600,6066,1:00,1:01,Abyell,#03,KIMURA Kasumi,Back,F,BM,MAEDA Miyu,B,ドライブ,F,R,攻撃
42,Abyell,959600,7066,1:00,1:01,Abyell,#03,KIMURA Kasumi,Back,F,BMS,MAEDA Miyu,B,Push,F,R,攻撃
47,Abyell,1149200,7933,1:01,1:01,RedELF,#04,NAGASAKI Miyu,Back,B,BS,MAEDA Miyu,B,Push,ネットイン,L,攻撃
48,Abyell,1169233,6333,1:01,1:01,,SV Let,NAGASAKI Miyu,Side,B,,MAEDA Miyu,,,,L,攻撃
49,Abyell,1180033,7266,1:01,1:01,RedELF,#02,NAGASAKI Miyu,Side,B,BMS,MAEDA Miyu,B,Push,FM,L,攻撃
52,Abyell,1254566,6466,1:01,1:01,RedELF,#02,KIMURA Kasumi,Back,F,FMS,AKAE Kaho,B,ミユータ,BM,R,攻撃
0,Abyell,02:04.2,00:05.9,0:00,0:00,Abyell,#03,KIMURA Kasumi,Back,F,BS,NAGAO TAKAKO,F,Push,B,R,攻撃
1,Abyell,02:17.0,00:05.3,0:00,0:00,Mallets,#02,KIMURA Kasumi,Back,F,BS,NAGAO TAKAKO,F,Push,BM,R,攻撃
4,Abyell,03:03.2,00:06.6,0:00,0:00,Mallets,#02,HAMAMOTO Yui,Side,F,FM,SHAN Xiaona,F,ドライブ,B,R,攻撃
5,Abyell,03:17.2,00:08.0,0:00,0:00,Abyell,#03,HAMAMOTO Yui,(Side),F,FMS,SHAN Xiaona,F,ドライブ,BM,R,攻撃
8,Abyell,04:16.4,00:06.1,0:00,0:00,Abyell,#03,KIMURA Kasumi,Back,F,BMS,NAGAO TAKAKO,F,Stop,FMS,R,攻撃
9,Abyell,04:32.8,00:05.4,0:00,0:00,Mallets,#02,KIMURA Kasumi,Back,F,BS,NAGAO TAKAKO,B,Push,B,R,攻撃
13,Abyell,05:43.7,00:05.9,0:00,0:00,Mallets,#02,HAMAMOTO Yui,(Side),F,FMS,SHAN Xiaona,F,ドライブ,B,R,攻撃
14,Abyell,06:02.4,00:06.7,0:00,0:00,Mallets,#02,HAMAMOTO Yui,(Side),F,FMS,SHAN Xiaona,F,Stop,BS,R,攻撃
17,Abyell,07:04.7,00:04.4,0:00,0:00,,SV Let,KIMURA Kasumi,Side,F,,NAGAO TAKAKO,,,,R,攻撃
18,Abyell,07:18.9,00:06.3,0:00,0:00,Mallets,#02,KIMURA Kasumi,Side,F,BMS,NAGAO TAKAKO,F,ドライブ,F,R,攻撃
19,Abyell,07:39.6,00:07.5,0:00,0:00,Mallets,#04,KIMURA Kasumi,Back,F,BMS,NAGAO TAKAKO,F,Push,BM,R,攻撃
23,Abyell,10:24.0,00:06.3,1:00,0:00,Mallets,#02,HAMAMOTO Yui,(Side),F,BS,NAGAO TAKAKO,F,Push,BM,R,攻撃
24,Abyell,10:44.6,00:06.7,1:00,0:00,Abyell,#01,HAMAMOTO Yui,(Side),F,BS,NAGAO TAKAKO,F,Flick,ネット,R,攻撃
27,Abyell,11:27.2,00:05.8,1:00,0:00,Mallets,#02,KIMURA Kasumi,(Side),F,FS,SHAN Xiaona,F,ドライブ,FM,R,攻撃
28,Abyell,11:42.0,00:06.5,1:00,0:00,Mallets,#04,KIMURA Kasumi,Side,F,FMS,SHAN Xiaona,F,Stop,BMS,R,攻撃
31,Abyell,13:44.5,00:06.9,1:00,0:01,Abyell,#03,HAMAMOTO Yui,(Side),F,BS,NAGAO TAKAKO,F,Push,B,R,攻撃
32,Abyell,14:01.4,00:07.1,1:00,0:01,Mallets,#02,HAMAMOTO Yui,(Side),F,BS,NAGAO TAKAKO,B,Chiquita,FM,R,攻撃
35,Abyell,15:11.1,00:07.2,1:00,0:01,Mallets,#04,KIMURA Kasumi,Back,F,FMS,SHAN Xiaona,F,Stop,BMS,R,攻撃
36,Abyell,15:35.0,00:09.3,1:00,0:01,Mallets,#06,KIMURA Kasumi,Back,F,FS,SHAN Xiaona,F,ドライブ,F,R,攻撃
39,Abyell,16:50.3,00:06.0,1:00,0:01,Mallets,#02,HAMAMOTO Yui,(Side),F,BMS,NAGAO TAKAKO,F,Push,BM,R,攻撃
2,Abyell,01:59.6,00:05.3,0:00,0:00,RedELF,#02,KIMURA Kasumi,Back,F,BMS,MAEDA Miyu,B,Push,BM,R,攻撃
3,Abyell,02:12.6,00:06.1,0:00,0:00,,SV Let,KIMURA Kasumi,(Side),F,,MAEDA Miyu,,,,R,攻撃
4,Abyell,02:21.0,00:05.5,0:00,0:00,Abyell,#03,KIMURA Kasumi,Back,F,BMS,MAEDA Miyu,B,Stop,FMS,R,攻撃
7,Abyell,02:54.8,00:06.4,0:00,0:00,Abyell,#03,NAGASAKI Miyu,Back,B,FS,AKAE Kaho,B,ミユータ,,L,攻撃
8,Abyell,03:07.0,00:06.0,0:00,0:00,,SV Let,NAGASAKI Miyu,Back,B,,AKAE Kaho,,,,L,攻撃
9,Abyell,03:22.1,00:06.5,0:00,0:00,RedELF,#02,NAGASAKI Miyu,Back,B,FMS,AKAE Kaho,F,Stop,FMS,L,攻撃
12,Abyell,04:07.1,00:05.3,0:00,0:00,Abyell,#01,KIMURA Kasumi,Back,F,BMS,MAEDA Miyu,B,Flick,,R,攻撃
13,Abyell,04:18.7,00:06.1,0:00,0:00,RedELF,#04,KIMURA Kasumi,Back,F,BMS,MAEDA Miyu,B,Stop,FS,R,攻撃
16,Abyell,05:08.2,00:06.5,0:00,0:00,RedELF,#02,NAGASAKI Miyu,Back,B,FMS,AKAE Kaho,F,Push,B,L,攻撃
17,Abyell,05:24.5,00:10.3,0:00,0:00,RedELF,#06,NAGASAKI Miyu,Side,B,FS,AKAE Kaho,F,Push,F,L,攻撃
20,Abyell,06:27.8,00:08.4,0:00,0:00,RedELF,#06,KIMURA Kasumi,Back,F,BMS,MAEDA Miyu,B,Stop,FMS,R,攻撃
21,Abyell,06:53.2,00:07.7,0:00,0:00,RedELF,#04,KIMURA Kasumi,(Side),F,BMS,MAEDA Miyu,B,Stop,FS,R,攻撃
22,Abyell,08:40.7,00:06.7,1:00,0:00,RedELF,#02,KIMURA Kasumi,Back,F,FMS,AKAE Kaho,F,Push,B,R,攻撃
23,Abyell,08:52.9,00:08.5,1:00,0:00,RedELF,#06,KIMURA Kasumi,Back,F,FS,AKAE Kaho,B,ミユータ,B,R,攻撃
26,Abyell,09:39.9,00:07.8,1:00,0:00,RedELF,#02,NAGASAKI Miyu,Back,B,BS,MAEDA Miyu,F,Stop,,L,攻撃
27,Abyell,11:26.0,00:06.7,1:00,0:01,Abyell,#01,NAGASAKI Miyu,Back,B,BMS,MAEDA Miyu,B,Flick,,L,攻撃
30,Abyell,12:08.9,00:05.1,1:00,0:01,RedELF,#02,KIMURA Kasumi,(Side),F,FMS,AKAE Kaho,F,Push,BS,R,攻撃
31,Abyell,12:22.0,00:04.9,1:00,0:01,RedELF,#02,KIMURA Kasumi,Back,F,FMS,AKAE Kaho,F,Push,F,R,攻撃
34,Abyell,13:06.2,00:06.6,1:00,0:01,RedELF,#02,NAGASAKI Miyu,Back,B,BS,MAEDA Miyu,B,Push,B,L,攻撃
2,Abyell,01:15.2,00:06.2,0:00,0:00,Abyell,#03,NAGASAKI Miyu,Back,B,FMS,IBAYASHI Marina,F,Stop,FMS,L,攻撃
3,Abyell,01:26.9,00:06.4,0:00,0:00,Abyell,#03,NAGASAKI Miyu,Side,B,FMS,IBAYASHI Marina,F,Push,F,L,攻撃
7,Abyell,02:10.6,00:05.4,0:00,0:00,Abyell,#01,KIHARA Miyuu,(Side),F,BMS,SUZUKI Rika,F,Stop,ネット,R,攻撃
8,Abyell,02:21.2,00:04.7,0:00,0:00,TOP,#00,KIHARA Miyuu,(Side),F,,SUZUKI Rika,,,,R,攻撃
13,Abyell,03:10.4,00:06.7,0:00,0:00,Abyell,#01,NAGASAKI Miyu,Back,B,FMS,IBAYASHI Marina,F,Push,オーバーミス,L,攻撃
14,Abyell,03:21.3,00:07.1,0:00,0:00,Abyell,#03,NAGASAKI Miyu,Back,B,FMS,IBAYASHI Marina,F,Stop,FMS,L,攻撃
17,Abyell,04:01.6,00:05.8,0:00,0:00,TOP,#02,KIHARA Miyuu,(Side),F,BMS,SUZUKI Rika,F,Stop,BMS,R,攻撃
18,Abyell,04:14.7,00:04.3,0:00,0:00,TOP,#00,KIHARA Miyuu,Back,F,,SUZUKI Rika,,,,R,攻撃
21,Abyell,04:56.9,00:06.9,0:00,0:00,Abyell,#01,NAGASAKI Miyu,Side,B,FMS,IBAYASHI Marina,F,Stop,ネット,L,攻撃
22,Abyell,06:44.8,00:05.3,1:00,0:00,Abyell,#03,KIHARA Miyuu,(Side),F,FMS,IBAYASHI Marina,F,Stop,FMS,R,攻撃
23,Abyell,06:56.3,00:05.0,1:00,0:00,TOP,#02,KIHARA Miyuu,(Side),F,,IBAYASHI Marina,,,,R,攻撃
26,Abyell,07:36.2,00:06.3,1:00,0:00,Abyell,#05,NAGASAKI Miyu,Back,B,BS,SUZUKI Rika,F,Stop,BS,L,攻撃
27,Abyell,07:48.6,00:08.9,1:00,0:00,Abyell,#07,NAGASAKI Miyu,Back,B,BS,SUZUKI Rika,F,Push,B,L,攻撃
30,Abyell,08:41.4,00:05.0,1:00,0:00,,SV Let,KIHARA Miyuu,(Side),F,,IBAYASHI Marina,,,,R,攻撃
31,Abyell,08:47.8,00:06.7,1:00,0:00,Abyell,#05,KIHARA Miyuu,(Side),F,FMS,IBAYASHI Marina,F,Stop,FMS,R,攻撃
32,Abyell,10:33.5,00:06.9,1:00,0:01,Abyell,#03,KIHARA Miyuu,(Side),F,FMS,IBAYASHI Marina,F,Stop,FMS,R,攻撃
35,Abyell,11:22.8,00:05.7,1:00,0:01,TOP,#02,NAGASAKI Miyu,Side,B,BS,SUZUKI Rika,F,Stop,BMS,L,攻撃
36,Abyell,13:02.3,00:07.7,1:00,1:01,Abyell,#05,NAGASAKI Miyu,Back,B,BMS,SUZUKI Rika,F,Stop,BMS,L,攻撃
39,Abyell,13:50.4,00:05.4,1:00,1:01,Abyell,#03,KIHARA Miyuu,(Side),F,FMS,IBAYASHI Marina,F,Stop,BMS,R,攻撃
40,Abyell,14:06.3,00:06.3,1:00,1:01,TOP,#06,KIHARA Miyuu,(Side),F,FMS,IBAYASHI Marina,F,Stop,FS,R,攻撃
43,Abyell,15:06.2,00:06.9,1:00,1:01,Abyell,#03,NAGASAKI Miyu,Back,B,BS,SUZUKI Rika,F,Stop,BS,L,攻撃
0,Abyell,01:36.0,00:08.5,0:00,0:00,Abyell,#05,KIHARA Miyuu,(Side),F,F,OJIO Haruna,B,Push,F,R,攻撃
1,Abyell,01:54.1,00:08.1,0:00,0:00,Mallets,#04,KIHARA Miyuu,(Side),B,F,OJIO Haruna,B,Push,BM,R,攻撃
4,Abyell,02:47.0,00:09.3,0:00,0:00,Mallets,#04,HAMAMOTO Yui,(Side),F,F,SOMA Yumeno,B,Push,B,R,攻撃
5,Abyell,03:05.3,00:09.9,0:00,0:00,Mallets,#06,HAMAMOTO Yui,(Side),B,FS,SOMA Yumeno,B,Push,BS,R,攻撃
8,Abyell,04:03.5,00:14.7,0:00,0:00,Abyell,#09-,KIHARA Miyuu,(Side),F,FS,OJIO Haruna,B,Push,BM,R,攻撃
9,Abyell,04:29.4,00:05.9,0:00,0:00,Mallets,#02,KIHARA Miyuu,(Side),B,F,OJIO Haruna,B,Push,FMS,R,攻撃
12,Abyell,05:26.8,00:09.5,0:00,0:00,Abyell,#05,HAMAMOTO Yui,(Side),F,F,SOMA Yumeno,B,Push,FM,R,攻撃
13,Abyell,05:43.8,00:05.7,0:00,0:00,Abyell,#01,HAMAMOTO Yui,(Side),B,FS,SOMA Yumeno,B,Stop,,R,攻撃
16,Abyell,06:42.3,00:05.9,0:00,0:00,Mallets,#02,KIHARA Miyuu,(Side),F,F,OJIO Haruna,B,Push,FS,R,攻撃
17,Abyell,06:56.9,00:07.3,0:00,0:00,Abyell,#05,KIHARA Miyuu,(Side),F,FS,OJIO Haruna,B,Push,B,R,攻撃
22,Abyell,09:49.4,00:08.8,0:01,0:00,Abyell,#07,KIHARA Miyuu,(Side),F,FS,SOMA Yumeno,B,Push,BM,R,攻撃
23,Abyell,10:08.0,00:06.1,0:01,0:00,Mallets,#02,KIHARA Miyuu,(Side),F,F,SOMA Yumeno,B,Push,FMS,R,攻撃
26,Abyell,11:03.2,00:06.9,0:01,0:00,Mallets,#02,HAMAMOTO Yui,(Side),F,F,OJIO Haruna,B,Push,FM,R,攻撃
27,Abyell,11:18.4,00:12.1,0:01,0:00,Abyell,#09-,HAMAMOTO Yui,Back,F,FMS,OJIO Haruna,B,Push,B,R,攻撃
30,Abyell,13:43.7,00:05.9,0:01,1:00,Mallets,#02,KIHARA Miyuu,(Side),F,FMS,SOMA Yumeno,F,Push,FM,R,攻撃
31,Abyell,14:02.2,00:20.2,0:01,1:00,Abyell,#09-,KIHARA Miyuu,(Side),F,FMS,SOMA Yumeno,F,Push,BM,R,攻撃
34,Abyell,15:13.9,00:06.4,0:01,1:00,Mallets,#02,HAMAMOTO Yui,(Side),F,FMS,OJIO Haruna,B,Push,F,R,攻撃
35,Abyell,15:28.9,00:06.9,0:01,1:00,Mallets,#02,HAMAMOTO Yui,(Side),F,FS,OJIO Haruna,B,Push,B,R,攻撃
38,Abyell,16:38.1,00:10.7,0:01,1:00,Mallets,#08,KIHARA Miyuu,(Side),F,F,SOMA Yumeno,F,Push,B,R,攻撃
39,Abyell,17:04.1,00:06.8,0:01,1:00,Abyell,#03,KIHARA Miyuu,(Side),F,FM,SOMA Yumeno,F,Push,BM,R,攻撃
0,Abyell,01:49.4,00:05.9,0:00,0:00,Mallets,#02,HAMAMOTO Yui,(Side),F,BMS,NAGAO TAKAKO,F,Stop,FMS,R,攻撃
1,Abyell,02:00.8,00:07.9,0:00,0:00,Mallets,#04,HAMAMOTO Yui,(Side),F,BMS,NAGAO TAKAKO,F,Push,BMS,R,攻撃
4,Abyell,02:47.7,00:10.1,0:00,0:00,Abyell,#07,NAGASAKI Miyu,Back,B,FMS,SAWETTABUT Suthasini,F,Stop,FMS,L,攻撃
5,Abyell,03:04.7,00:09.3,0:00,0:00,Mallets,#06,NAGASAKI Miyu,Back,B,FMS,SAWETTABUT Suthasini,F,Stop,BMS,L,攻撃
8,Abyell,04:07.7,00:05.9,0:00,0:00,Mallets,#02,HAMAMOTO Yui,(Side),F,BMS,NAGAO TAKAKO,F,Flick,F,R,攻撃
9,Abyell,04:22.0,00:06.0,0:00,0:00,Mallets,#02,HAMAMOTO Yui,(Side),F,BMS,NAGAO TAKAKO,F,Push,BMS,R,攻撃
12,Abyell,05:16.4,00:07.4,0:00,0:00,Mallets,#02,NAGASAKI Miyu,Back,B,F,SAWETTABUT Suthasini,F,ドライブ,FM,L,攻撃
13,Abyell,05:30.1,00:07.1,0:00,0:00,Abyell,#03,NAGASAKI Miyu,Side,B,FMS,SAWETTABUT Suthasini,F,Push,BM,L,攻撃
16,Abyell,06:26.1,00:07.4,0:00,0:00,Abyell,#05,HAMAMOTO Yui,(Side),F,BMS,NAGAO TAKAKO,F,Push,B,R,攻撃
17,Abyell,06:41.7,00:07.4,0:00,0:00,Abyell,#05,HAMAMOTO Yui,(Side),F,B,NAGAO TAKAKO,F,ドライブ,F,R,攻撃
20,Abyell,09:05.6,00:07.9,0:00,1:00,Mallets,#04,NAGASAKI Miyu,Side,B,FMS,SAWETTABUT Suthasini,F,Stop,FMS,L,攻撃
23,Abyell,11:26.8,00:08.4,1:00,1:00,Abyell,#07,HAMAMOTO Yui,(Side),F,FMS,SAWETTABUT Suthasini,F,Stop,BMS,R,攻撃
24,Abyell,11:43.4,00:05.9,1:00,1:00,Mallets,#02,HAMAMOTO Yui,(Side),F,FMS,SAWETTABUT Suthasini,F,Stop,FS,R,攻撃
27,Abyell,12:38.6,00:07.0,1:00,1:00,Mallets,#02,NAGASAKI Miyu,Back,B,BMS,NAGAO TAKAKO,F,Push,BM,L,攻撃
28,Abyell,12:53.0,00:06.6,1:00,1:00,Abyell,#01,NAGASAKI Miyu,Side,B,BMS,NAGAO TAKAKO,F,Flick,ネット,L,攻撃
31,Abyell,13:46.8,00:06.7,1:00,1:00,Abyell,#03,HAMAMOTO Yui,(Side),F,FS,SAWETTABUT Suthasini,F,Push,BM,R,攻撃
32,Abyell,14:03.0,00:07.3,1:00,1:00,Mallets,#04,HAMAMOTO Yui,(Side),F,FMS,SAWETTABUT Suthasini,F,Flick,BM,R,攻撃
35,Abyell,15:06.6,00:08.7,1:00,1:00,Mallets,#04,NAGASAKI Miyu,Side,B,BMS,NAGAO TAKAKO,B,Chiquita,BM,L,攻撃
36,Abyell,15:26.0,00:06.9,1:00,1:00,Mallets,#02,NAGASAKI Miyu,Back,B,BS,NAGAO TAKAKO,F,ドライブ,F,L,攻撃
39,Abyell,17:50.2,00:06.7,1:00,1:01,Abyell,#03,HAMAMOTO Yui,(Side),F,FMS,SAWETTABUT Suthasini,F,Flick,BM,R,攻撃
40,Abyell,19:39.4,00:06.7,1:01,1:01,Abyell,#03,HAMAMOTO Yui,(Side),F,BS,NAGAO TAKAKO,F,ドライブ,B,R,攻撃
41,Abyell,19:59.3,00:08.3,1:01,1:01,Mallets,#04,HAMAMOTO Yui,(Side),F,BMS,NAGAO TAKAKO,F,Push,B,R,攻撃
44,Abyell,21:12.7,00:08.8,1:01,1:01,Abyell,#05,NAGASAKI Miyu,Side,B,FMS,SAWETTABUT Suthasini,F,Stop,BMS,L,攻撃
45,Abyell,21:31.4,00:08.1,1:01,1:01,Mallets,#04,NAGASAKI Miyu,Side,B,FMS,SAWETTABUT Suthasini,F,Stop,FS,L,攻撃
48,Abyell,22:53.9,00:11.3,1:01,1:01,Abyell,#09-,HAMAMOTO Yui,(Side),F,BMS,NAGAO TAKAKO,F,Flick,F,R,攻撃
0,Abyell,01:04.5,00:05.6,0:00,0:00,TOP,#02,HAMAMOTO Yui,(Side),F,FS,YAMAMOTO Syoko,F,Push,FM,R,攻撃
1,Abyell,01:15.2,00:06.9,0:00,0:00,TOP,#04,HAMAMOTO Yui,(Side),F,FMS,YAMAMOTO Syoko,F,Push,BMS,R,攻撃
4,Abyell,01:59.2,00:08.3,0:00,0:00,Abyell,#05,NAGASAKI Miyu,Back,B,BMS,LIN Ye,B,Push,FMS,L,攻撃
5,Abyell,02:16.6,00:07.7,0:00,0:00,Abyell,#05,NAGASAKI Miyu,Side,B,FS,LIN Ye,F,Push,BM,L,攻撃
11,Abyell,03:58.4,00:05.4,0:00,0:00,Abyell,#01,HAMAMOTO Yui,(Side),F,FS,YAMAMOTO Syoko,B,Flick,,R,攻撃
12,Abyell,04:12.7,00:06.0,0:00,0:00,TOP,#02,HAMAMOTO Yui,(Side),F,FS,YAMAMOTO Syoko,B,Stop,FS,R,攻撃
15,Abyell,05:08.5,00:07.0,0:00,0:00,Abyell,#03,NAGASAKI Miyu,Side,B,FS,LIN Ye,B,Push,B,L,攻撃
16,Abyell,05:25.6,00:07.5,0:00,0:00,Abyell,#03,NAGASAKI Miyu,Side,B,FS,LIN Ye,B,Push,B,L,攻撃
19,Abyell,06:32.0,00:06.5,0:00,0:00,Abyell,#03,HAMAMOTO Yui,(Side),F,FS,YAMAMOTO Syoko,F,Push,FM,R,攻撃
20,Abyell,06:45.8,00:06.0,0:00,0:00,Abyell,#03,HAMAMOTO Yui,(Side),F,FMS,YAMAMOTO Syoko,F,Stop,BMS,R,攻撃
23,Abyell,09:04.8,00:08.5,1:00,0:00,Abyell,#07,HAMAMOTO Yui,(Side),F,FS,LIN Ye,B,Chiquita,BM,R,攻撃
24,Abyell,10:33.9,00:05.2,1:00,0:01,Abyell,#03,HAMAMOTO Yui,(Side),F,FS,LIN Ye,B,Chiquita,B,R,攻撃
27,Abyell,11:18.2,00:07.7,1:00,0:01,TOP,#04,NAGASAKI Miyu,Back,B,FMS,YAMAMOTO Syoko,F,Stop,FMS,L,攻撃
28,Abyell,11:36.2,00:07.3,1:00,0:01,TOP,#04,NAGASAKI Miyu,Side,B,FS,YAMAMOTO Syoko,B,Push,B,L,攻撃
31,Abyell,12:32.2,00:05.1,1:00,0:01,TOP,#02,HAMAMOTO Yui,(Side),F,FS,LIN Ye,B,Chiquita,,R,攻撃
32,Abyell,12:44.4,00:04.7,1:00,0:01,,SV Let,HAMAMOTO Yui,(Side),F,,LIN Ye,,,,R,攻撃
33,Abyell,12:53.8,00:05.9,1:00,0:01,Abyell,#01,HAMAMOTO Yui,(Side),F,FS,LIN Ye,B,Chiquita,,R,攻撃
37,Abyell,13:52.7,00:06.7,1:00,0:01,Abyell,#03,NAGASAKI Miyu,Side,B,FS,YAMAMOTO Syoko,F,Push,B,L,攻撃
38,Abyell,14:07.1,00:07.1,1:00,0:01,Abyell,#03,NAGASAKI Miyu,Side,B,FMS,YAMAMOTO Syoko,F,Stop,BS,L,攻撃
0,Abyell,00:36.4,00:05.6,0:00,0:00,Abyell,#01,HAMAMOTO Yui,(Side),F,BMS,SAMARA Elizabeta,F,Flick,,R,攻撃
1,Abyell,00:47.9,00:06.5,0:00,0:00,TOP,#04,HAMAMOTO Yui,(Side),F,BMS,SAMARA Elizabeta,B,Stop,FMS,R,攻撃
5,Abyell,01:49.0,00:06.9,0:00,0:00,Abyell,#03,NAGASAKI Miyu,Side,B,FMS,LIN Ye,F,Push,BM,L,攻撃
6,Abyell,02:03.6,00:06.7,0:00,0:00,Abyell,#03,NAGASAKI Miyu,Side,B,FMS,LIN Ye,B,Chiquita,BM,L,攻撃
9,Abyell,03:10.6,00:06.1,0:00,0:00,TOP,#02,HAMAMOTO Yui,(Side),F,BS,SAMARA Elizabeta,F,Stop,BMS,R,攻撃
10,Abyell,03:25.1,00:07.5,0:00,0:00,TOP,#04,HAMAMOTO Yui,(Side),F,BMS,SAMARA Elizabeta,B,Chiquita,BM,R,攻撃
13,Abyell,04:26.7,00:07.7,0:00,0:00,TOP,#04,NAGASAKI Miyu,Side,B,FMS,LIN Ye,F,Stop,FMS,L,攻撃
14,Abyell,06:09.3,00:07.2,0:00,1:00,TOP,#04,NAGASAKI Miyu,Side,B,FMS,LIN Ye,B,Chiquita,BM,L,攻撃
17,Abyell,07:14.8,00:08.9,0:00,1:00,Abyell,#07,HAMAMOTO Yui,(Side),F,BS,SAMARA Elizabeta,F,Stop,FMS,R,攻撃
18,Abyell,07:34.8,00:07.5,0:00,1:00,Abyell,#05,HAMAMOTO Yui,(Side),F,BS,SAMARA Elizabeta,B,Chiquita,FM,R,攻撃
21,Abyell,09:59.5,00:05.4,1:00,1:00,Abyell,#03,HAMAMOTO Yui,(Side),F,FS,LIN Ye,B,Push,F,R,攻撃
22,Abyell,11:24.2,00:05.9,1:00,1:01,Abyell,#03,HAMAMOTO Yui,(Side),F,FMS,LIN Ye,B,Push,FM,R,攻撃
25,Abyell,12:19.5,00:10.3,1:00,1:01,TOP,#06,NAGASAKI Miyu,Side,B,BS,SAMARA Elizabeta,F,Stop,,L,攻撃
26,Abyell,12:40.2,00:05.9,1:00,1:01,Abyell,#01,NAGASAKI Miyu,Back,B,BS,SAMARA Elizabeta,B,Chiquita,,L,攻撃
29,Abyell,13:26.7,00:05.5,1:00,1:01,Abyell,#01,HAMAMOTO Yui,(Side),F,FMS,LIN Ye,F,Push,,R,攻撃
30,Abyell,13:37.9,00:05.6,1:00,1:01,TOP,#02,HAMAMOTO Yui,(Side),F,FMS,LIN Ye,B,Chiquita,B,R,攻撃
33,Abyell,14:31.9,00:09.1,1:00,1:01,TOP,#06,NAGASAKI Miyu,Side,B,BMS,SAMARA Elizabeta,B,Stop,BMS,L,攻撃
34,Abyell,14:52.5,00:07.8,1:00,1:01,TOP,#04,NAGASAKI Miyu,Back,B,BS,SAMARA Elizabeta,F,Stop,BMS,L,攻撃
0,Abyell,01:04.9,00:06.2,0:00,0:00,RedELF,#04,HAMAMOTO Yui,(Side),F,FMS,AKAE Kaho,F,Push,BM,R,攻撃
1,Abyell,01:17.7,00:05.9,0:00,0:00,Abyell,#03,HAMAMOTO Yui,(Side),F,FMS,AKAE Kaho,F,Push,F,R,攻撃
4,Abyell,02:03.6,00:06.9,0:00,0:00,RedELF,#02,NAGASAKI Miyu,Side,B,BMS,MAEDA Miyu,B,Chiquita,BM,L,攻撃
5,Abyell,02:18.7,00:06.9,0:00,0:00,Abyell,#03,NAGASAKI Miyu,Side,B,BMS,MAEDA Miyu,B,Push,BM,L,攻撃
8,Abyell,03:10.0,00:09.1,0:00,0:00,RedELF,#08,HAMAMOTO Yui,(Side),F,FMS,AKAE Kaho,B,ミユータ,B,R,攻撃
9,Abyell,03:32.7,00:08.0,0:00,0:00,Abyell,#05,HAMAMOTO Yui,(Side),F,FMS,AKAE Kaho,F,Push,B,R,攻撃
14,Abyell,04:48.1,00:07.5,0:00,0:00,Abyell,#03,NAGASAKI Miyu,Back,B,BMS,MAEDA Miyu,B,Push,BM,L,攻撃
15,Abyell,05:05.7,00:07.7,0:00,0:00,RedELF,#02,NAGASAKI Miyu,Side,B,B,MAEDA Miyu,B,ドライブ,BM,L,攻撃
18,Abyell,06:03.8,00:09.0,0:00,0:00,RedELF,#06,HAMAMOTO Yui,(Side),F,FMS,AKAE Kaho,F,ドライブ,B,R,攻撃
19,Abyell,06:26.0,00:06.1,0:00,0:00,RedELF,#02,HAMAMOTO Yui,(Side),F,FMS,AKAE Kaho,F,Stop,BMS,R,攻撃
22,Abyell,08:39.9,00:08.3,1:00,0:00,Abyell,#03,HAMAMOTO Yui,(Side),F,BMS,MAEDA Miyu,F,Push,F,R,攻撃
23,Abyell,08:57.5,00:06.5,1:00,0:00,Abyell,#05,HAMAMOTO Yui,(Side),F,BMS,MAEDA Miyu,B,Chiquita,BM,R,攻撃
26,Abyell,09:55.2,00:06.7,1:00,0:00,Abyell,#03,NAGASAKI Miyu,Side,B,BMS,AKAE Kaho,B,Push,B,L,攻撃
27,Abyell,10:10.1,00:07.2,1:00,0:00,Abyell,#03,NAGASAKI Miyu,Side,B,BS,AKAE Kaho,B,ミユータ,F,L,攻撃
30,Abyell,11:00.7,00:05.3,1:00,0:00,Abyell,#03,HAMAMOTO Yui,(Side),F,BMS,MAEDA Miyu,B,Chiquita,B,R,攻撃
31,Abyell,11:15.4,00:05.7,1:00,0:00,RedELF,#02,HAMAMOTO Yui,(Side),F,BMS,MAEDA Miyu,B,Push,BM,R,攻撃
34,Abyell,13:27.6,00:09.5,1:00,0:01,Abyell,#07,NAGASAKI Miyu,Side,B,FMS,AKAE Kaho,F,Push,B,L,攻撃
35,Abyell,13:45.3,00:09.0,1:00,0:01,Abyell,#07,NAGASAKI Miyu,Side,B,FMS,AKAE Kaho,F,Push,BM,L,攻撃
38,Abyell,16:07.7,00:07.2,1:01,0:01,Abyell,#01,HAMAMOTO Yui,(Side),F,FMS,AKAE Kaho,F,空振り,,R,攻撃
39,Abyell,16:27.3,00:05.6,1:01,0:01,Abyell,#03,HAMAMOTO Yui,(Side),F,FMS,AKAE Kaho,F,Push,B,R,攻撃
43,Abyell,17:40.3,00:11.5,1:01,0:01,RedELF,#08,NAGASAKI Miyu,Back,B,BMS,MAEDA Miyu,B,Stop,BMS,L,攻撃
44,Abyell,18:15.8,00:08.7,1:01,0:01,RedELF,#04,NAGASAKI Miyu,Back,B,BMS,MAEDA Miyu,B,Push,B,L,攻撃
47,Abyell,19:38.3,00:10.0,1:01,0:01,Abyell,#05,HAMAMOTO Yui,(Side),F,FMS,AKAE Kaho,B,Push,BM,R,攻撃
49,Abyell,20:34.7,00:09.1,1:01,0:01,RedELF,#04,NAGASAKI Miyu,Side,B,BS,MAEDA Miyu,B,Flick,BM,L,攻撃
51,Abyell,23:03.0,00:07.1,1:01,1:01,Abyell,#03,HAMAMOTO Yui,(Side),F,FMS,AKAE Kaho,B,Push,B,R,攻撃
2,Abyell,00:56.6,00:07.2,0:00,0:00,Mallets,#04,NAGASAKI Miyu,Side,B,BMS,NAGAO TAKAKO,F,Stop,FMS,L,攻撃
3,Abyell,01:13.9,00:06.4,0:00,0:00,Abyell,#03,NAGASAKI Miyu,Side,B,BMS,NAGAO TAKAKO,F,Push,BM,L,攻撃
6,Abyell,02:11.1,00:06.9,0:00,0:00,Abyell,#03,HAMAMOTO Yui,(Side),F,FMS,FENG Tianwei,F,Push,B,R,攻撃
7,Abyell,02:27.1,00:05.7,0:00,0:00,Abyell,#03,HAMAMOTO Yui,(Side),F,FMS,FENG Tianwei,B,Chiquita,F,R,攻撃
10,Abyell,03:18.4,00:06.7,0:00,0:00,Abyell,#01,NAGASAKI Miyu,Back,B,BMS,NAGAO TAKAKO,F,Push,オーバーミス,L,攻撃
11,Abyell,03:34.9,00:07.1,0:00,0:00,Abyell,#03,NAGASAKI Miyu,Back,B,BMS,NAGAO TAKAKO,F,ドライブ,B,L,攻撃
14,Abyell,04:38.4,00:06.5,0:00,0:00,Abyell,#03,HAMAMOTO Yui,(Side),F,FMS,FENG Tianwei,F,Push,BM,R,攻撃
15,Abyell,04:53.5,00:04.7,0:00,0:00,,SV Let,HAMAMOTO Yui,(Side),F,,FENG Tianwei,,,,R,攻撃
16,Abyell,05:03.7,00:06.3,0:00,0:00,Abyell,#03,HAMAMOTO Yui,(Side),F,FMS,FENG Tianwei,F,Flick,BM,R,攻撃
18,Abyell,07:01.7,00:07.0,0:01,0:00,Abyell,#05,HAMAMOTO Yui,(Side),F,BMS,NAGAO TAKAKO,F,Push,BM,R,攻撃
19,Abyell,07:17.5,00:05.8,0:01,0:00,Abyell,#01,HAMAMOTO Yui,(Side),F,BMS,NAGAO TAKAKO,F,ドライブ,オーバーミス,R,攻撃
23,Abyell,08:24.8,00:06.4,0:01,0:00,Abyell,#03,NAGASAKI Miyu,Back,B,FMS,FENG Tianwei,F,Stop,FMS,L,攻撃
24,Abyell,08:42.4,00:05.5,0:01,0:00,Abyell,#01,NAGASAKI Miyu,Back,B,FMS,FENG Tianwei,F,Stop,ネット,L,攻撃
28,Abyell,11:06.4,00:05.9,0:01,1:00,Abyell,#03,HAMAMOTO Yui,(Side),F,BMS,NAGAO TAKAKO,B,Chiquita,B,R,攻撃
29,Abyell,11:22.4,00:07.7,0:01,1:00,Mallets,#04,HAMAMOTO Yui,(Side),F,BMS,NAGAO TAKAKO,F,Stop,FS,R,攻撃
32,Abyell,13:30.8,00:06.5,0:01,1:01,Mallets,#02,NAGASAKI Miyu,Side,B,FMS,FENG Tianwei,F,Stop,FMS,L,攻撃
33,Abyell,13:51.3,00:06.6,0:01,1:01,Abyell,#03,NAGASAKI Miyu,Back,B,FMS,FENG Tianwei,F,Push,FM,L,攻撃
36,Abyell,14:57.9,00:07.5,0:01,1:01,Mallets,#04,HAMAMOTO Yui,(Side),F,BMS,NAGAO TAKAKO,F,Push,F,R,攻撃
37,Abyell,15:20.2,00:07.5,0:01,1:01,Mallets,#02,HAMAMOTO Yui,(Side),F,BMS,NAGAO TAKAKO,F,ドライブ,B,R,攻撃
40,Abyell,16:42.6,00:07.6,0:01,1:01,Mallets,#04,NAGASAKI Miyu,Back,B,FMS,FENG Tianwei,F,ドライブ,BM,L,攻撃
43,Abyell,19:14.3,00:06.8,1:01,1:01,Mallets,#04,HAMAMOTO Yui,(Side),F,FMS,FENG Tianwei,B,Chiquita,BM,R,攻撃
44,Abyell,19:38.9,00:07.0,1:01,1:01,Abyell,#03,HAMAMOTO Yui,(Side),F,FMS,FENG Tianwei,F,Push,BS,R,攻撃
47,Abyell,21:03.2,00:06.2,1:01,1:01,Abyell,#01,NAGASAKI Miyu,Back,B,BMS,NAGAO TAKAKO,F,Push,ネット,L,攻撃
48,Abyell,21:24.1,00:06.6,1:01,1:01,Abyell,#01,NAGASAKI Miyu,Back,B,BMS,NAGAO TAKAKO,F,Push,オーバーミス,L,攻撃
2,Abyell,02:35.7,00:06.5,0:00,0:00,Abyell,#03,NAGASAKI Miyu,Back,B,FS,LIN Ye,B,Push,B,L,攻撃
3,Abyell,02:49.3,00:06.4,0:00,0:00,TOP,#02,NAGASAKI Miyu,Back,B,FMS,LIN Ye,F,Stop,BMS,L,攻撃
6,Abyell,03:37.8,00:05.4,0:00,0:00,Abyell,#03,HAMAMOTO Yui,(Side),F,BMS,SUZUKI Rika,F,Stop,FS,R,攻撃
7,Abyell,03:50.8,00:05.0,0:00,0:00,Abyell,#01,HAMAMOTO Yui,(Side),F,BMS,SUZUKI Rika,F,Stop,,R,攻撃
10,Abyell,04:36.3,00:06.8,0:00,0:00,TOP,#02,NAGASAKI Miyu,Back,B,FS,LIN Ye,B,Push,B,L,攻撃
11,Abyell,04:53.0,00:05.8,0:00,0:00,Abyell,#01,NAGASAKI Miyu,Side,B,FMS,LIN Ye,B,Stop,,L,攻撃
14,Abyell,05:44.3,00:08.8,0:00,0:00,TOP,#06,HAMAMOTO Yui,(Side),F,BMS,SUZUKI Rika,F,Stop,FMS,R,攻撃
15,Abyell,06:05.4,00:08.5,0:00,0:00,Abyell,#07,HAMAMOTO Yui,(Side),F,BMS,SUZUKI Rika,F,Stop,FS,R,攻撃
16,Abyell,07:53.3,00:05.3,1:00,0:00,Abyell,#03,HAMAMOTO Yui,(Side),F,FMS,LIN Ye,B,Push,F,R,攻撃
17,Abyell,08:06.9,00:05.3,1:00,0:00,Abyell,#05,HAMAMOTO Yui,(Side),F,FMS,LIN Ye,B,Chiquita,B,R,攻撃
20,Abyell,09:00.4,00:06.5,1:00,0:00,TOP,#02,NAGASAKI Miyu,Side,B,BMS,SUZUKI Rika,F,Stop,BMS,L,攻撃
21,Abyell,09:18.0,00:06.3,1:00,0:00,Abyell,#03,NAGASAKI Miyu,Side,B,BS,SUZUKI Rika,F,Push,BM,L,攻撃
24,Abyell,11:47.2,00:07.0,1:00,0:01,TOP,#04,HAMAMOTO Yui,(Side),F,FMS,LIN Ye,B,Chiquita,F,R,攻撃
25,Abyell,12:05.6,00:07.5,1:00,0:01,TOP,#04,HAMAMOTO Yui,(Side),F,FMS,LIN Ye,B,Chiquita,B,R,攻撃
28,Abyell,13:02.2,00:07.7,1:00,0:01,Abyell,#05,NAGASAKI Miyu,Back,B,BMS,SUZUKI Rika,B,Chiquita,F,L,攻撃
29,Abyell,13:20.3,00:05.4,1:00,0:01,Abyell,#03,NAGASAKI Miyu,Back,B,BMS,SUZUKI Rika,B,Flick,B,L,攻撃
32,Abyell,15:39.1,00:08.2,1:00,1:01,Abyell,#05,HAMAMOTO Yui,Back,F,FS,LIN Ye,F,Stop,BS,R,攻撃
33,Abyell,16:00.9,00:06.5,1:00,1:01,Abyell,#01,HAMAMOTO Yui,(Side),F,FS,LIN Ye,B,Chiquita,,R,攻撃
2,Abyell,02:08.1,00:08.1,0:00,0:00,Abyell,#05,NAGASAKI Miyu,Side,B,BS,MAEDA Miyu,B,Stop,BMS,L,攻撃
3,Abyell,02:26.1,00:08.4,0:00,0:00,Abyell,#09-,NAGASAKI Miyu,Side,B,BS,MAEDA Miyu,B,Flick,B,L,攻撃
6,Abyell,03:15.6,00:05.9,0:00,0:00,Abyell,#03,KIHARA Miyuu,(Side),F,FMS,AKAE Kaho,F,Push,BM,R,攻撃
7,Abyell,03:27.7,00:05.3,0:00,0:00,Abyell,#01,KIHARA Miyuu,(Side),F,FMS,AKAE Kaho,F,Stop,,R,攻撃
10,Abyell,04:00.1,00:05.8,0:00,0:00,RedELF,#04,NAGASAKI Miyu,Back,B,BMS,MAEDA Miyu,B,Push,B,L,攻撃
11,Abyell,04:13.7,00:07.6,0:00,0:00,RedELF,#02,NAGASAKI Miyu,Back,B,BMS,MAEDA Miyu,B,Stop,BMS,L,攻撃
14,Abyell,04:52.8,00:04.8,0:00,0:00,RedELF,#02,KIHARA Miyuu,(Side),F,FMS,AKAE Kaho,F,Push,F,R,攻撃
15,Abyell,05:04.2,00:06.3,0:00,0:00,Abyell,#03,KIHARA Miyuu,(Side),F,FMS,AKAE Kaho,F,Push,F,R,攻撃
16,Abyell,06:40.9,00:05.2,0:01,0:00,Abyell,#01,KIHARA Miyuu,(Side),F,BMS,MAEDA Miyu,B,Flick,,R,攻撃
17,Abyell,06:52.2,00:05.3,0:01,0:00,Abyell,#03,KIHARA Miyuu,(Side),F,BMS,MAEDA Miyu,B,Stop,FMS,R,攻撃
20,Abyell,07:34.3,00:08.3,0:01,0:00,Abyell,#05,NAGASAKI Miyu,Side,B,FS,AKAE Kaho,B,Push,BM,L,攻撃
21,Abyell,07:51.1,00:05.9,0:01,0:00,RedELF,#02,NAGASAKI Miyu,Back,B,FMS,AKAE Kaho,F,Push,,L,攻撃
24,Abyell,08:43.1,00:05.6,0:01,0:00,Abyell,#03,KIHARA Miyuu,(Side),F,BMS,MAEDA Miyu,B,Flick,B,R,攻撃
25,Abyell,08:57.8,00:05.3,0:01,0:00,Abyell,#03,KIHARA Miyuu,(Side),F,BMS,MAEDA Miyu,B,Stop,FMS,R,攻撃
28,Abyell,11:04.0,00:06.3,0:01,1:00,RedELF,#04,NAGASAKI Miyu,Side,B,BS,AKAE Kaho,B,Chiquita,BM,L,攻撃
29,Abyell,11:22.6,00:08.4,0:01,1:00,Abyell,#05,NAGASAKI Miyu,Side,B,FS,AKAE Kaho,B,ミユータ,FS,L,攻撃
32,Abyell,12:19.9,00:05.6,0:01,1:00,Abyell,#01,KIHARA Miyuu,(Side),F,BMS,MAEDA Miyu,F,Push,,R,攻撃
33,Abyell,12:33.0,00:05.9,0:01,1:00,RedELF,#00,KIHARA Miyuu,(Side),,,MAEDA Miyu,,,,R,攻撃
2,Abyell,02:13.4,00:06.9,0:00,0:00,Abyell,#03,NAGASAKI Miyu,Side,B,FMS,FENG Tianwei,F,Stop,FMS,L,攻撃
3,Abyell,02:28.6,00:10.9,0:00,0:00,Mallets,#08,NAGASAKI Miyu,Side,B,FS,FENG Tianwei,F,Stop,FMS,L,攻撃
6,Abyell,03:36.1,00:06.7,0:00,0:00,Abyell,#05,HAMAMOTO Yui,(Side),B,BMS,NAGAO TAKAKO,B,Chiquita,BM,R,攻撃
7,Abyell,03:54.9,00:05.7,0:00,0:00,Abyell,#03,HAMAMOTO Yui,(Side),F,BMS,NAGAO TAKAKO,B,Chiquita,B,R,攻撃
10,Abyell,04:49.8,00:06.9,0:00,0:00,Mallets,#02,NAGASAKI Miyu,Side,B,FMS,FENG Tianwei,F,Stop,BMS,L,攻撃
11,Abyell,05:16.7,00:08.0,0:00,0:00,Abyell,#05,NAGASAKI Miyu,Side,B,FS,FENG Tianwei,F,Stop,BMS,L,攻撃
14,Abyell,06:33.3,00:05.5,0:00,0:00,Abyell,#01,HAMAMOTO Yui,(Side),F,BMS,NAGAO TAKAKO,F,Stop,,R,攻撃
15,Abyell,06:49.7,00:06.1,0:00,0:00,Abyell,#03,HAMAMOTO Yui,(Side),F,BMS,NAGAO TAKAKO,F,Stop,FS,R,攻撃
18,Abyell,07:48.9,00:06.2,0:00,0:00,Mallets,#02,NAGASAKI Miyu,Side,B,FMS,FENG Tianwei,B,Chiquita,BM,L,攻撃
19,Abyell,08:05.2,00:07.2,0:00,0:00,Abyell,#03,NAGASAKI Miyu,Side,B,FS,FENG Tianwei,F,Push,FM,L,攻撃
20,Abyell,09:56.2,00:05.1,0:01,0:00,Abyell,#03,HAMAMOTO Yui,(Side),B,BMS,FENG Tianwei,B,Chiquita,BM,R,攻撃
21,Abyell,10:09.7,00:05.2,0:01,0:00,Abyell,#03,HAMAMOTO Yui,(Side),F,FMS,FENG Tianwei,B,Chiquita,B,R,攻撃
24,Abyell,12:05.3,00:07.7,0:01,1:00,Abyell,#05,NAGASAKI Miyu,Back,B,BMS,NAGAO TAKAKO,B,Push,B,L,攻撃
25,Abyell,12:22.5,00:07.2,0:01,1:00,Mallets,#04,NAGASAKI Miyu,Back,B,BMS,NAGAO TAKAKO,F,Stop,BMS,L,攻撃
29,Abyell,13:59.2,00:07.3,0:01,1:00,Mallets,#04,HAMAMOTO Yui,(Side),F,FMS,FENG Tianwei,F,Stop,FMS,R,攻撃
30,Abyell,14:16.8,00:05.9,0:01,1:00,Mallets,#02,HAMAMOTO Yui,(Side),F,FMS,FENG Tianwei,B,Chiquita,F,R,攻撃
33,Abyell,16:39.4,00:06.9,0:01,1:01,Abyell,#03,NAGASAKI Miyu,Back,B,BMS,NAGAO TAKAKO,B,Push,BM,L,攻撃
34,Abyell,16:57.0,00:07.5,0:01,1:01,Mallets,#04,NAGASAKI Miyu,Back,B,BS,NAGAO TAKAKO,F,Push,BMS,L,攻撃
37,Abyell,18:03.2,00:08.4,0:01,1:01,Mallets,#04,HAMAMOTO Yui,(Side),F,FMS,FENG Tianwei,F,Stop,BS,R,攻撃
38,Abyell,18:27.4,00:06.7,0:01,1:01,Abyell,#01,HAMAMOTO Yui,(Side),B,FMS,FENG Tianwei,B,Chiquita,B,R,攻撃
2,Abyell,01:44.5,00:06.5,0:00,0:00,RedELF,#02,NAGASAKI Miyu,Side,B,BMS,MAEDA Miyu,B,Flick,F,L,攻撃
3,Abyell,02:00.5,00:07.2,0:00,0:00,Abyell,#05,NAGASAKI Miyu,Side,B,BMS,MAEDA Miyu,B,Stop,BMS,L,攻撃
6,Abyell,02:55.6,00:06.4,0:00,0:00,Abyell,#05,HAMAMOTO Yui,(Side),F,FMS,HIRANO Miu,F,Stop,FMS,R,攻撃
7,Abyell,03:13.4,00:04.7,0:00,0:00,Abyell,#01,HAMAMOTO Yui,(Side),F,BMS,HIRANO Miu,B,Chiquita,,R,攻撃
10,Abyell,04:07.9,00:11.1,0:00,0:00,Abyell,#09-,NAGASAKI Miyu,Side,B,BS,MAEDA Miyu,B,Push,B,L,攻撃
11,Abyell,04:32.9,00:06.4,0:00,0:00,Abyell,#01,NAGASAKI Miyu,Side,B,BS,MAEDA Miyu,B,Chiquita,,L,攻撃
15,Abyell,05:33.9,00:03.7,0:00,0:00,RedELF,#02,HAMAMOTO Yui,(Side),F,FS,HIRANO Miu,F,Push,,R,攻撃
16,Abyell,05:50.8,00:05.5,0:00,0:00,Abyell,#03,HAMAMOTO Yui,(Side),F,FMS,HIRANO Miu,F,Flick,F,R,攻撃
17,Abyell,07:45.4,00:05.7,0:01,0:00,Abyell,#03,HAMAMOTO Yui,(Side),F,BMS,MAEDA Miyu,B,Stop,FS,R,攻撃
18,Abyell,08:00.2,00:05.6,0:01,0:00,RedELF,#02,HAMAMOTO Yui,(Side),F,BMS,MAEDA Miyu,B,Chiquita,B,R,攻撃
21,Abyell,08:52.5,00:06.9,0:01,0:00,Abyell,#03,NAGASAKI Miyu,Side,B,FMS,HIRANO Miu,F,Stop,FMS,L,攻撃
22,Abyell,09:11.2,00:08.2,0:01,0:00,RedELF,#04,NAGASAKI Miyu,Back,B,FMS,HIRANO Miu,F,Stop,BMS,L,攻撃
25,Abyell,10:14.4,00:05.3,0:01,0:00,Abyell,#01,HAMAMOTO Yui,(Side),F,BMS,MAEDA Miyu,B,ドライブ,,R,攻撃
26,Abyell,10:31.2,00:05.1,0:01,0:00,Abyell,#03,HAMAMOTO Yui,(Side),F,BMS,MAEDA Miyu,B,Chiquita,BMS,R,攻撃
29,Abyell,11:29.2,00:06.9,0:01,0:00,Abyell,#03,NAGASAKI Miyu,(Side),B,FMS,HIRANO Miu,F,Push,B,L,攻撃
30,Abyell,11:49.7,00:06.1,0:01,0:00,RedELF,#02,NAGASAKI Miyu,Back,B,FMS,HIRANO Miu,F,Stop,FMS,L,攻撃
33,Abyell,14:11.5,00:06.1,0:01,0:01,Abyell,#03,HAMAMOTO Yui,(Side),F,BMS,MAEDA Miyu,B,Stop,FS,R,攻撃
34,Abyell,14:27.4,00:05.9,0:01,0:01,RedELF,#02,HAMAMOTO Yui,(Side),F,BMS,MAEDA Miyu,B,Chiquita,FMS,R,攻撃
2,Abyell,01:06.9,00:07.1,0:00,0:00,RedELF,#04,NAGASAKI Miyu,Back,B,BS,MAEDA Miyu,B,Stop,BMS,L,攻撃
3,Abyell,01:24.1,00:08.5,0:00,0:00,Abyell,#05,NAGASAKI Miyu,Back,B,BS,MAEDA Miyu,B,Flick,F,L,攻撃
6,Abyell,02:19.3,00:05.7,0:00,0:00,RedELF,#02,HAMAMOTO Yui,(Side),F,FS,HIRANO Miu,F,Stop,FS,R,攻撃
7,Abyell,02:36.2,00:05.9,0:00,0:00,Abyell,#05,HAMAMOTO Yui,(Side),F,FMS,HIRANO Miu,F,Stop,FMS,R,攻撃
10,Abyell,03:28.0,00:08.8,0:00,0:00,RedELF,#06,NAGASAKI Miyu,Back,B,BS,MAEDA Miyu,F,Push,B,L,攻撃
11,Abyell,03:51.1,00:08.2,0:00,0:00,RedELF,#06,NAGASAKI Miyu,Back,B,BS,MAEDA Miyu,B,Flick,B,L,攻撃
14,Abyell,04:55.5,00:07.2,0:00,0:00,RedELF,#06,HAMAMOTO Yui,(Side),F,FS,HIRANO Miu,F,Stop,FMS,R,攻撃
15,Abyell,05:17.0,00:06.2,0:00,0:00,Abyell,#03,HAMAMOTO Yui,(Side),F,FMS,HIRANO Miu,F,Push,B,R,攻撃
18,Abyell,06:16.3,00:05.7,0:00,0:00,RedELF,#02,NAGASAKI Miyu,Side,B,B,MAEDA Miyu,B,ドライブ,BM,L,攻撃
19,Abyell,06:34.3,00:07.2,0:00,0:00,RedELF,#02,NAGASAKI Miyu,Side,B,BS,MAEDA Miyu,B,Push,B,L,攻撃
20,Abyell,08:12.0,00:06.3,1:00,0:00,Abyell,#05,HAMAMOTO Yui,(Side),F,BS,MAEDA Miyu,B,Flick,F,R,攻撃
21,Abyell,08:26.3,00:08.5,1:00,0:00,Abyell,#07,HAMAMOTO Yui,(Side),F,BMS,MAEDA Miyu,B,Stop,BMS,R,攻撃
24,Abyell,09:18.2,00:06.9,1:00,0:00,RedELF,#04,NAGASAKI Miyu,Back,B,FMS,HIRANO Miu,F,Stop,BMS,L,攻撃
25,Abyell,09:37.6,00:07.8,1:00,0:00,RedELF,#04,NAGASAKI Miyu,Side,B,FMS,HIRANO Miu,F,Push,B,L,攻撃
30,Abyell,12:23.6,00:06.4,1:00,0:01,RedELF,#04,HAMAMOTO Yui,(Side),F,BS,MAEDA Miyu,B,Chiquita,BM,R,攻撃
31,Abyell,12:40.2,00:06.5,1:00,0:01,Abyell,#03,HAMAMOTO Yui,Side,F,BS,MAEDA Miyu,B,Push,BM,R,攻撃
34,Abyell,13:48.6,00:09.1,1:00,0:01,RedELF,#06,NAGASAKI Miyu,Back,B,FMS,HIRANO Miu,F,Push,F,L,攻撃
35,Abyell,14:11.9,00:07.3,1:00,0:01,Abyell,#03,NAGASAKI Miyu,Back,B,FS,HIRANO Miu,F,ドライブ,BM,L,攻撃
38,Abyell,15:14.3,00:06.3,1:00,0:01,Abyell,#03,HAMAMOTO Yui,Side,F,BMS,MAEDA Miyu,B,Flick,F,R,攻撃
39,Abyell,15:33.1,00:07.3,1:00,0:01,Abyell,#05,HAMAMOTO Yui,Side,F,BMS,MAEDA Miyu,B,Flick,F,R,攻撃
43,Abyell,18:31.5,00:07.5,1:01,0:01,Abyell,#05,HAMAMOTO Yui,Side,F,FMS,HIRANO Miu,F,Stop,FMS,R,攻撃
44,Abyell,18:53.6,00:07.8,1:01,0:01,Abyell,#01,HAMAMOTO Yui,(Side),F,FMS,HIRANO Miu,F,Flick,B,R,攻撃
47,Abyell,19:59.4,00:07.2,1:01,0:01,RedELF,#02,NAGASAKI Miyu,Back,B,BS,MAEDA Miyu,B,Stop,BS,L,攻撃
0,Abyell,01:11.1,00:06.4,0:00,0:00,Mallets,#04,HAMAMOTO Yui,(Side),F,BMS,NAGAO TAKAKO,F,Stop,FS,R,攻撃
1,Abyell,01:25.3,00:05.2,0:00,0:00,Abyell,#01,HAMAMOTO Yui,(Side),F,BMS,NAGAO TAKAKO,F,Flick,ネット,R,攻撃
4,Abyell,02:10.1,00:08.1,0:00,0:00,Abyell,#05,NAGASAKI Miyu,Side,B,FMS,SAWETTABUT Suthasini,F,Stop,BMS,L,攻撃
5,Abyell,02:25.3,00:07.1,0:00,0:00,Mallets,#02,NAGASAKI Miyu,Side,B,FMS,SAWETTABUT Suthasini,F,Push,BM,L,攻撃
8,Abyell,03:20.9,00:05.8,0:00,0:00,Mallets,#02,HAMAMOTO Yui,(Side),F,BMS,NAGAO TAKAKO,F,Push,FM,R,攻撃
9,Abyell,03:35.8,00:07.1,0:00,0:00,Mallets,#04,HAMAMOTO Yui,Side,F,BMS,NAGAO TAKAKO,F,Stop,FMS,R,攻撃
12,Abyell,04:39.3,00:06.2,0:00,0:00,Mallets,#02,NAGASAKI Miyu,Side,B,FMS,SAWETTABUT Suthasini,F,Flick,F,L,攻撃
13,Abyell,04:53.8,00:07.5,0:00,0:00,Abyell,#03,NAGASAKI Miyu,Side,B,FMS,SAWETTABUT Suthasini,F,Stop,FMS,L,攻撃
16,Abyell,05:50.7,00:07.1,0:00,0:00,Mallets,#04,HAMAMOTO Yui,(Side),F,BMS,NAGAO TAKAKO,F,Stop,FS,R,攻撃
17,Abyell,06:07.8,00:06.1,0:00,0:00,Mallets,#02,HAMAMOTO Yui,(Side),F,BMS,NAGAO TAKAKO,F,Flick,FM,R,攻撃
22,Abyell,10:36.6,00:05.7,0:01,0:01,Abyell,#03,HAMAMOTO Yui,(Side),F,FS,SAWETTABUT Suthasini,F,Push,BM,R,攻撃
23,Abyell,10:52.0,00:04.2,0:01,0:01,,SV Let,HAMAMOTO Yui,(Side),F,,SAWETTABUT Suthasini,,,,R,攻撃
24,Abyell,11:02.4,00:05.1,0:01,0:01,Abyell,#03,SAWETTABUT Suthasini,(Side),F,FMS,HAMAMOTO Yui,F,Flick,BM,R,攻撃
27,Abyell,13:20.7,00:08.3,0:01,1:01,Mallets,#04,NAGASAKI Miyu,Back,B,BMS,NAGAO TAKAKO,F,ドライブ,F,L,攻撃
28,Abyell,13:42.1,00:08.1,0:01,1:01,Mallets,#04,NAGASAKI Miyu,Side,B,BMS,NAGAO TAKAKO,F,Push,B,L,攻撃
31,Abyell,14:44.8,00:05.7,0:01,1:01,Mallets,#02,HAMAMOTO Yui,(Side),F,FMS,SAWETTABUT Suthasini,F,Stop,FMS,R,攻撃
32,Abyell,14:58.5,00:06.7,0:01,1:01,Abyell,#03,HAMAMOTO Yui,(Side),F,FMS,SAWETTABUT Suthasini,F,Flick,FM,R,攻撃
35,Abyell,16:14.9,00:06.4,0:01,1:01,Abyell,#03,NAGASAKI Miyu,Back,B,BMS,NAGAO TAKAKO,F,Push,B,L,攻撃
36,Abyell,16:32.3,00:08.1,0:01,1:01,Mallets,#06,NAGASAKI Miyu,Back,B,BS,NAGAO TAKAKO,F,Push,B,L,攻撃
39,Abyell,17:46.9,00:08.0,0:01,1:01,Mallets,#06,HAMAMOTO Yui,(Side),F,FS,SAWETTABUT Suthasini,F,Stop,BMS,R,攻撃
40,Abyell,19:34.7,00:06.8,1:01,1:01,Abyell,#03,HAMAMOTO Yui,(Side),F,BMS,NAGAO TAKAKO,F,Stop,FMS,R,攻撃
41,Abyell,19:51.0,00:06.3,1:01,1:01,Mallets,#02,HAMAMOTO Yui,(Side),F,BMS,NAGAO TAKAKO,F,Push,BM,R,攻撃
44,Abyell,20:59.3,00:06.7,1:01,1:01,Abyell,#03,NAGASAKI Miyu,Back,B,FS,SAWETTABUT Suthasini,F,Stop,FM,L,攻撃
45,Abyell,21:16.3,00:07.3,1:01,1:01,Mallets,#02,NAGASAKI Miyu,Back,B,FMS,SAWETTABUT Suthasini,F,Flick,B,L,攻撃
0,Abyell,01:01.1,00:07.3,0:00,0:00,TOP,#08,HAMAMOTO Yui,(Side),F,FS,ANDO Minami,F,Stop,BMS,R,攻撃
1,Abyell,01:19.4,00:05.1,0:00,0:00,Abyell,#01,HAMAMOTO Yui,(Side),F,FS,ANDO Minami,B,Flick,ネット,R,攻撃
5,Abyell,02:11.5,00:07.7,0:00,0:00,Abyell,#05,NAGASAKI Miyu,Back,B,BS,SUZUKI Rika,F,Stop,BMS,L,攻撃
6,Abyell,02:26.8,00:07.1,0:00,0:00,Abyell,#03,NAGASAKI Miyu,Back,B,BS,SUZUKI Rika,F,Push,B,L,攻撃
9,Abyell,03:08.2,00:07.3,0:00,0:00,Abyell,#05,HAMAMOTO Yui,(Side),F,FMS,ANDO Minami,F,Stop,BMS,R,攻撃
10,Abyell,03:26.1,00:07.2,0:00,0:00,TOP,#04,HAMAMOTO Yui,(Side),F,FS,ANDO Minami,F,Stop,BMS,R,攻撃
13,Abyell,04:19.0,00:05.5,0:00,0:00,Abyell,#01,NAGASAKI Miyu,Back,B,BS,SUZUKI Rika,B,Chiquita,ネット,L,攻撃
14,Abyell,04:33.0,00:06.8,0:00,0:00,Abyell,#01,NAGASAKI Miyu,Side,B,BMS,SUZUKI Rika,F,Stop,ネット,L,攻撃
17,Abyell,05:33.6,00:06.9,0:00,0:00,Abyell,#05,HAMAMOTO Yui,(Side),F,FMS,ANDO Minami,F,Stop,BMS,R,攻撃
18,Abyell,05:52.7,00:07.1,0:00,0:00,Abyell,#05,HAMAMOTO Yui,(Side),F,FMS,ANDO Minami,F,Stop,BMS,R,攻撃
23,Abyell,08:37.1,00:04.4,1:00,0:00,Abyell,#01,HAMAMOTO Yui,(Side),F,BS,SUZUKI Rika,F,Flick,ネット,R,攻撃
24,Abyell,08:50.2,00:07.4,1:00,0:00,TOP,#04,HAMAMOTO Yui,(Side),F,BS,SUZUKI Rika,F,Stop,FMS,R,攻撃
28,Abyell,10:00.9,00:07.3,1:00,0:00,TOP,#04,NAGASAKI Miyu,Back,B,FS,ANDO Minami,F,Push,B,L,攻撃
29,Abyell,10:17.8,00:07.4,1:00,0:00,TOP,#02,NAGASAKI Miyu,Side,B,FS,ANDO Minami,F,Stop,FMS,L,攻撃
33,Abyell,11:20.5,00:06.5,1:00,0:00,TOP,#04,HAMAMOTO Yui,Side,F,BMS,SUZUKI Rika,F,Stop,BMS,R,攻撃
34,Abyell,11:41.0,00:07.1,1:00,0:00,TOP,#04,HAMAMOTO Yui,(Side),F,BMS,SUZUKI Rika,F,Stop,FS,R,攻撃
37,Abyell,12:28.0,00:06.7,1:00,0:00,Abyell,#03,NAGASAKI Miyu,Side,B,FMS,ANDO Minami,F,Push,B,L,攻撃
38,Abyell,12:45.8,00:10.1,1:00,0:00,TOP,#10-,NAGASAKI Miyu,Side,B,FMS,ANDO Minami,B,Chiquita,B,L,攻撃
40,Abyell,15:04.0,00:05.8,1:01,0:00,Abyell,#03,HAMAMOTO Yui,(Side),F,FMS,ANDO Minami,F,Stop,BMS,R,攻撃
41,Abyell,15:21.2,00:07.7,1:01,0:00,TOP,#04,HAMAMOTO Yui,(Side),F,FS,ANDO Minami,F,Stop,FMS,R,攻撃
44,Abyell,17:31.7,00:07.3,1:01,0:01,TOP,#02,NAGASAKI Miyu,Side,B,BMS,SUZUKI Rika,F,Push,B,L,攻撃
45,Abyell,17:50.5,00:07.2,1:01,0:01,Abyell,#01,NAGASAKI Miyu,(Side),B,B,SUZUKI Rika,B,ドライブ,オーバーミス,L,攻撃
0,Abyell,00:51.3,00:05.7,0:00,0:00,Abyell,#03,HAMAMOTO Yui,(Side),F,FMS,YAMAMOTO Syoko,F,Stop,BMS,R,攻撃
1,Abyell,01:03.3,00:04.9,0:00,0:00,TOP,#02,HAMAMOTO Yui,(Side),F,FMS,YAMAMOTO Syoko,F,Flick,B,R,攻撃
5,Abyell,01:51.4,00:06.2,0:00,0:00,TOP,#02,NAGASAKI Miyu,(Side),B,BMS,SUZUKI Rika,F,Stop,BMS,L,攻撃
6,Abyell,02:09.9,00:07.7,0:00,0:00,Abyell,#05,NAGASAKI Miyu,Back,B,BMS,SUZUKI Rika,F,Stop,FMS,L,攻撃
9,Abyell,02:56.3,00:05.3,0:00,0:00,Abyell,#01,HAMAMOTO Yui,(Side),F,FMS,YAMAMOTO Syoko,F,Stop,,R,攻撃
10,Abyell,03:07.1,00:05.7,0:00,0:00,TOP,#02,HAMAMOTO Yui,(Side),F,FMS,YAMAMOTO Syoko,F,Push,FM,R,攻撃
14,Abyell,03:57.8,00:09.7,0:00,0:00,TOP,#06,NAGASAKI Miyu,Side,B,BS,SUZUKI Rika,F,Stop,BS,L,攻撃
15,Abyell,04:20.8,00:07.0,0:00,0:00,Abyell,#03,NAGASAKI Miyu,Side,B,BMS,SUZUKI Rika,F,Push,BMS,L,攻撃
18,Abyell,05:06.4,00:05.9,0:00,0:00,TOP,#04,HAMAMOTO Yui,(Side),F,FMS,YAMAMOTO Syoko,F,Push,FM,R,攻撃
19,Abyell,05:24.4,00:04.1,0:00,0:00,TOP,#02,HAMAMOTO Yui,(Side),F,FS,YAMAMOTO Syoko,F,Stop,,R,攻撃
23,Abyell,07:59.4,00:04.9,1:00,0:00,Abyell,#01,HAMAMOTO Yui,(Side),F,BMS,SUZUKI Rika,F,Stop,,R,攻撃
24,Abyell,08:10.9,00:07.3,1:00,0:00,Abyell,#05,HAMAMOTO Yui,(Side),F,BS,SUZUKI Rika,F,Stop,FMS,R,攻撃
27,Abyell,10:18.7,00:07.3,1:00,0:01,Abyell,#05,NAGASAKI Miyu,Side,B,FMS,YAMAMOTO Syoko,F,Flick,BM,L,攻撃
28,Abyell,10:32.4,00:07.0,1:00,0:01,Abyell,#05,NAGASAKI Miyu,Side,B,FMS,YAMAMOTO Syoko,F,Push,BMS,L,攻撃
32,Abyell,11:26.9,00:09.8,1:00,0:01,TOP,#10-,HAMAMOTO Yui,(Side),F,BMS,SUZUKI Rika,F,Stop,FMS,R,攻撃
33,Abyell,11:50.1,00:04.3,1:00,0:01,Abyell,#01,HAMAMOTO Yui,(Side),F,BMS,SUZUKI Rika,F,ドライブ,,R,攻撃
36,Abyell,12:38.7,00:06.7,1:00,0:01,Abyell,#03,NAGASAKI Miyu,Side,B,FS,YAMAMOTO Syoko,F,Flick,F,L,攻撃
37,Abyell,12:53.9,00:05.2,1:00,0:01,Abyell,#01,NAGASAKI Miyu,Side,B,FMS,YAMAMOTO Syoko,F,Push,,L,攻撃
3,Abyell,01:47.1,00:07.9,0:00,0:00,Abyell,#07,NAGASAKI Miyu,Back,B,FMS,AKAE Kaho,F,Stop,BMS,L,攻撃
4,Abyell,02:03.6,00:07.5,0:00,0:00,Abyell,#05,NAGASAKI Miyu,Back,B,FS,AKAE Kaho,F,Push,B,L,攻撃
7,Abyell,02:53.8,00:04.7,0:00,0:00,Abyell,#03,HAMAMOTO Yui,(Side),F,BS,YUMOTO Fuwa,B,Chiquita,FM,R,攻撃
8,Abyell,03:07.4,00:03.9,0:00,0:00,Abyell,#03,HAMAMOTO Yui,(Side),F,BMS,YUMOTO Fuwa,B,Chiquita,BM,R,攻撃
11,Abyell,03:48.5,00:07.1,0:00,0:00,RedELF,#04,NAGASAKI Miyu,Back,B,FS,AKAE Kaho,F,Push,B,L,攻撃
12,Abyell,04:05.3,00:05.7,0:00,0:00,RedELF,#02,NAGASAKI Miyu,Side,B,FMS,AKAE Kaho,F,Push,F,L,攻撃
15,Abyell,04:47.3,00:06.4,0:00,0:00,Abyell,#03,HAMAMOTO Yui,(Side),F,BMS,YUMOTO Fuwa,B,Chiquita,F,R,攻撃
16,Abyell,06:20.0,00:04.3,1:00,0:00,RedELF,#02,HAMAMOTO Yui,(Side),F,BS,AKAE Kaho,B,Chiquita,F,R,攻撃
17,Abyell,06:32.4,00:07.4,1:00,0:00,Abyell,#07,HAMAMOTO Yui,(Side),F,FMS,AKAE Kaho,F,Stop,FMS,R,攻撃
20,Abyell,07:09.6,00:05.8,1:00,0:00,Abyell,#01,NAGASAKI Miyu,Side,B,BMS,YUMOTO Fuwa,B,Chiquita,ネット,L,攻撃
21,Abyell,07:25.2,00:07.5,1:00,0:00,RedELF,#04,NAGASAKI Miyu,(Side),B,BS,YUMOTO Fuwa,B,Push,B,L,攻撃
24,Abyell,08:20.1,00:06.0,1:00,0:00,RedELF,#02,HAMAMOTO Yui,(Side),F,FS,AKAE Kaho,B,Chiquita,FM,R,攻撃
25,Abyell,08:38.3,00:05.6,1:00,0:00,Abyell,#03,HAMAMOTO Yui,(Side),F,FMS,AKAE Kaho,B,Chiquita,F,R,攻撃
28,Abyell,09:24.2,00:09.0,1:00,0:00,RedELF,#04,NAGASAKI Miyu,Side,B,BS,YUMOTO Fuwa,B,Push,B,L,攻撃
29,Abyell,09:43.2,00:10.7,1:00,0:00,Abyell,#07,NAGASAKI Miyu,Back,B,BMS,YUMOTO Fuwa,B,Push,B,L,攻撃
32,Abyell,10:39.4,00:07.5,1:00,0:00,Abyell,#03,HAMAMOTO Yui,(Side),F,FMS,AKAE Kaho,F,Stop,BMS,R,攻撃
33,Abyell,11:00.6,00:06.1,1:00,0:00,Abyell,#01,HAMAMOTO Yui,(Side),F,FMS,AKAE Kaho,B,Chiquita,ネット,R,攻撃
0,Abyell,01:09.1,00:05.7,0:00,0:00,TOP,#04,HAMAMOTO Yui,(Side),F,BMS,SUZUKI Rika,F,Push,BM,R,攻撃
1,Abyell,01:22.8,00:06.1,0:00,0:00,TOP,#02,HAMAMOTO Yui,(Side),F,BS,SUZUKI Rika,F,Stop,FS,R,攻撃
4,Abyell,02:06.7,00:09.4,0:00,0:00,Abyell,#03,NAGASAKI Miyu,Back,B,FMS,ANDO Minami,F,Push,F,L,攻撃
5,Abyell,02:23.2,00:08.1,0:00,0:00,Abyell,#03,NAGASAKI Miyu,Back,B,FMS,ANDO Minami,F,Push,F,L,攻撃
8,Abyell,03:16.3,00:06.5,0:00,0:00,Abyell,#03,HAMAMOTO Yui,(Side),F,BMS,SUZUKI Rika,F,Stop,FS,R,攻撃
9,Abyell,03:36.0,00:06.9,0:00,0:00,Abyell,#03,HAMAMOTO Yui,(Side),F,BMS,SUZUKI Rika,F,Stop,FMS,R,攻撃
12,Abyell,04:38.3,00:11.7,0:00,0:00,TOP,#10-,NAGASAKI Miyu,Back,B,FMS,ANDO Minami,F,Push,B,L,攻撃
13,Abyell,05:07.4,00:08.9,0:00,0:00,Abyell,#03,NAGASAKI Miyu,Side,B,FMS,ANDO Minami,B,Stop,BS,L,攻撃
16,Abyell,05:56.9,00:08.5,0:00,0:00,TOP,#08,HAMAMOTO Yui,(Side),F,BMS,SUZUKI Rika,F,Stop,FMS,R,攻撃
17,Abyell,06:19.3,00:06.7,0:00,0:00,TOP,#04,HAMAMOTO Yui,(Side),F,BMS,SUZUKI Rika,F,Push,BMS,R,攻撃
22,Abyell,09:06.3,00:06.2,0:01,0:00,Abyell,#03,HAMAMOTO Yui,(Side),F,FS,ANDO Minami,F,Stop,FMS,R,攻撃
23,Abyell,09:21.4,00:04.7,0:01,0:00,Abyell,#01,HAMAMOTO Yui,(Side),F,FMS,ANDO Minami,F,Flick,,R,攻撃
27,Abyell,10:21.7,00:05.3,0:01,0:00,Abyell,#01,NAGASAKI Miyu,Side,B,BMS,SUZUKI Rika,F,Stop,,L,攻撃
28,Abyell,10:33.1,00:06.8,0:01,0:00,TOP,#02,NAGASAKI Miyu,Side,B,BS,SUZUKI Rika,F,Push,B,L,攻撃
31,Abyell,11:24.1,00:05.5,0:01,0:00,TOP,#02,HAMAMOTO Yui,(Side),F,FMS,ANDO Minami,F,ドライブ,B,R,攻撃
32,Abyell,11:38.8,00:10.1,0:01,0:00,Abyell,#07,HAMAMOTO Yui,(Side),F,FMS,ANDO Minami,F,Push,BMS,R,攻撃
35,Abyell,12:43.2,00:10.0,0:01,0:00,TOP,#08,NAGASAKI Miyu,Side,B,BS,SUZUKI Rika,F,Push,B,L,攻撃
36,Abyell,14:35.9,00:07.0,0:01,1:00,TOP,#02,NAGASAKI Miyu,(Side),B,BMS,SUZUKI Rika,B,Flick,B,L,攻撃
39,Abyell,15:44.7,00:10.4,0:01,1:00,Abyell,#03,HAMAMOTO Yui,(Side),F,FMS,ANDO Minami,F,Push,B,R,攻撃
40,Abyell,16:09.1,00:07.0,0:01,1:00,Abyell,#03,HAMAMOTO Yui,(Side),F,BMS,ANDO Minami,B,Stop,FS,R,攻撃
0,Abyell,01:15.8,00:05.7,0:00,0:00,Mallets,#02,HAMAMOTO Yui,(Side),F,BS,NAGAO TAKAKO,F,Push,B,R,攻撃
1,Abyell,01:29.4,00:06.1,0:00,0:00,Abyell,#03,HAMAMOTO Yui,(Side),F,BMS,NAGAO TAKAKO,F,Stop,BMS,R,攻撃
4,Abyell,02:20.2,00:10.5,0:00,0:00,Abyell,#09-,NAGASAKI Miyu,Back,B,FS,FENG Tianwei,F,Stop,BMS,L,攻撃
5,Abyell,02:40.1,00:06.9,0:00,0:00,Mallets,#04,NAGASAKI Miyu,Back,B,FS,FENG Tianwei,F,Flick,F,L,攻撃
8,Abyell,03:51.9,00:07.1,0:00,0:00,Mallets,#04,HAMAMOTO Yui,(Side),F,BMS,NAGAO TAKAKO,B,Chiquita,FM,R,攻撃
9,Abyell,04:09.9,00:07.5,0:00,0:00,Mallets,#04,HAMAMOTO Yui,(Side),F,BMS,NAGAO TAKAKO,F,Stop,ネットイン,R,攻撃
12,Abyell,04:55.8,00:07.4,0:00,0:00,Abyell,#03,NAGASAKI Miyu,Back,B,FS,FENG Tianwei,F,ドライブ,BM,L,攻撃
13,Abyell,05:11.3,00:07.2,0:00,0:00,Abyell,#03,NAGASAKI Miyu,Back,B,FS,FENG Tianwei,F,ドライブ,BM,L,攻撃
16,Abyell,07:30.7,00:07.1,0:00,0:01,Abyell,#01,HAMAMOTO Yui,(Side),F,FS,NAGAO TAKAKO,F,Flick,ネット,R,攻撃
17,Abyell,07:47.3,00:07.8,0:00,0:01,Mallets,#04,HAMAMOTO Yui,(Side),F,BMS,NAGAO TAKAKO,F,Push,B,R,攻撃
20,Abyell,10:15.6,00:06.0,0:01,0:01,Mallets,#04,HAMAMOTO Yui,(Side),F,FMS,FENG Tianwei,F,Push,B,R,攻撃
21,Abyell,10:30.5,00:08.5,0:01,0:01,Mallets,#04,HAMAMOTO Yui,Back,F,FMS,FENG Tianwei,F,Stop,BMS,R,攻撃
24,Abyell,12:50.5,00:07.1,0:01,1:01,Mallets,#02,NAGASAKI Miyu,Side,B,BS,NAGAO TAKAKO,F,Flick,B,L,攻撃
25,Abyell,13:04.8,00:07.5,0:01,1:01,Mallets,#02,NAGASAKI Miyu,Back,B,BMS,NAGAO TAKAKO,F,Push,F,L,攻撃
29,Abyell,14:12.0,00:09.9,0:01,1:01,Abyell,#05,HAMAMOTO Yui,(Side),F,FMS,FENG Tianwei,F,Stop,BMS,R,攻撃
30,Abyell,14:33.4,00:06.1,0:01,1:01,Mallets,#02,HAMAMOTO Yui,(Side),F,FMS,FENG Tianwei,B,Chiquita,BM,R,攻撃
33,Abyell,15:46.0,00:06.5,0:01,1:01,Abyell,#01,NAGASAKI Miyu,Side,B,BMS,NAGAO TAKAKO,B,Chiquita,ネット,L,攻撃
34,Abyell,16:03.5,00:07.0,0:01,1:01,Abyell,#03,NAGASAKI Miyu,Back,B,BS,NAGAO TAKAKO,F,Push,B,L,攻撃
37,Abyell,17:18.5,00:07.5,0:01,1:01,Abyell,#03,HAMAMOTO Yui,(Side),F,FMS,FENG Tianwei,F,Stop,BMS,R,攻撃
38,Abyell,17:37.5,00:06.3,0:01,1:01,Abyell,#03,HAMAMOTO Yui,(Side),F,FMS,FENG Tianwei,B,Chiquita,B,R,攻撃
39,Abyell,19:22.1,00:05.7,1:01,1:01,Mallets,#02,HAMAMOTO Yui,(Side),F,BS,NAGAO TAKAKO,F,Flick,F,R,攻撃
40,Abyell,19:39.3,00:07.7,1:01,1:01,Abyell,#03,HAMAMOTO Yui,(Side),F,BMS,NAGAO TAKAKO,F,Push,B,R,攻撃
45,Abyell,21:34.1,00:07.1,1:01,1:01,Abyell,#03,NAGASAKI Miyu,Back,B,FMS,FENG Tianwei,F,Stop,BMS,L,攻撃
46,Abyell,21:57.5,00:06.5,1:01,1:01,Mallets,#02,NAGASAKI Miyu,(Side),B,FS,FENG Tianwei,F,ドライブ,F,L,攻撃
49,Abyell,23:17.0,00:07.7,1:01,1:01,Abyell,#03,HAMAMOTO Yui,(Side),F,BMS,NAGAO TAKAKO,F,Push,B,R,攻撃
51,Abyell,24:04.4,00:07.9,1:01,1:01,Mallets,#04,NAGASAKI Miyu,Back,B,FMS,FENG Tianwei,F,Stop,FMS,L,攻撃
53,Abyell,25:03.2,00:05.8,1:01,1:01,Abyell,#01,HAMAMOTO Yui,(Side),F,BMS,NAGAO TAKAKO,F,Flick,ネット,R,攻撃
55,Abyell,25:53.9,00:08.5,1:01,1:01,Mallets,#06,NAGASAKI Miyu,Back,B,FMS,FENG Tianwei,F,Stop,FMS,L,攻撃
57,Abyell,26:49.4,00:11.1,1:01,1:01,Abyell,#05,HAMAMOTO Yui,(Side),F,BS,NAGAO TAKAKO,F,Push,BM,R,攻撃
59,Abyell,27:50.6,00:06.8,1:01,1:01,Mallets,#02,NAGASAKI Miyu,Back,B,FS,FENG Tianwei,F,ドライブ,BM,L,攻撃
0,Abyell,01:21.3,00:07.5,0:00,0:00,RedELF,#06,HAMAMOTO Yui,(Side),F,FMS,HIRANO Miu,F,Stop,FMS,R,攻撃
1,Abyell,01:39.7,00:06.1,0:00,0:00,Abyell,#03,HAMAMOTO Yui,(Side),F,FMS,HIRANO Miu,F,Stop,FMS,R,攻撃
4,Abyell,02:27.7,00:08.2,0:00,0:00,RedELF,#04,NAGASAKI Miyu,Back,B,BMS,MAEDA Miyu,B,Stop,BMS,L,攻撃
5,Abyell,02:49.0,00:08.5,0:00,0:00,RedELF,#06,NAGASAKI Miyu,(Side),B,BMS,MAEDA Miyu,B,Stop,BS,L,攻撃
8,Abyell,04:02.5,00:07.1,0:00,0:00,Abyell,#03,HAMAMOTO Yui,(Side),F,FMS,HIRANO Miu,F,Stop,FMS,R,攻撃
9,Abyell,04:23.8,00:08.1,0:00,0:00,Abyell,#05,HAMAMOTO Yui,(Side),F,FMS,HIRANO Miu,B,Chiquita,F,R,攻撃
12,Abyell,05:33.9,00:07.5,0:00,0:00,Abyell,#03,NAGASAKI Miyu,Back,B,BMS,MAEDA Miyu,B,Stop,BMS,L,攻撃
13,Abyell,05:53.5,00:06.3,0:00,0:00,Abyell,#03,NAGASAKI Miyu,Back,B,BMS,MAEDA Miyu,B,Chiquita,BMS,L,攻撃
16,Abyell,07:07.1,00:07.1,0:00,0:00,Abyell,#05,HAMAMOTO Yui,(Side),F,FMS,HIRANO Miu,F,Stop,FS,R,攻撃
17,Abyell,07:29.8,00:06.5,0:00,0:00,Abyell,#03,HAMAMOTO Yui,(Side),F,FMS,HIRANO Miu,F,Flick,B,R,攻撃
21,Abyell,10:36.6,00:05.9,1:00,0:00,RedELF,#02,HAMAMOTO Yui,(Side),F,BS,MAEDA Miyu,B,Flick,F,R,攻撃
22,Abyell,10:52.9,00:06.9,1:00,0:00,Abyell,#03,HAMAMOTO Yui,(Side),F,BMS,MAEDA Miyu,B,Chiquita,B,R,攻撃
25,Abyell,11:57.3,00:09.9,1:00,0:00,Abyell,#09-,NAGASAKI Miyu,Side,B,FS,HIRANO Miu,F,Stop,BMS,L,攻撃
26,Abyell,12:24.2,00:08.9,1:00,0:00,RedELF,#04,NAGASAKI Miyu,Side,B,FMS,HIRANO Miu,F,Push,BM,L,攻撃
29,Abyell,13:33.2,00:06.8,1:00,0:00,RedELF,#02,HAMAMOTO Yui,(Side),F,BS,MAEDA Miyu,B,ドライブ,BM,R,攻撃
30,Abyell,13:55.0,00:05.6,1:00,0:00,RedELF,#02,HAMAMOTO Yui,(Side),F,BMS,MAEDA Miyu,B,Flick,F,R,攻撃
33,Abyell,14:59.8,00:07.9,1:00,0:00,Abyell,#05,NAGASAKI Miyu,Side,B,FS,HIRANO Miu,F,Push,B,L,攻撃
34,Abyell,15:22.7,00:05.5,1:00,0:00,,SV Let,NAGASAKI Miyu,Back,B,,HIRANO Miu,,,,L,攻撃
35,Abyell,15:38.6,00:06.1,1:00,0:00,RedELF,#02,NAGASAKI Miyu,Side,B,FMS,HIRANO Miu,F,Flick,F,L,攻撃
37,Abyell,17:57.7,00:05.5,1:01,0:00,RedELF,#02,HAMAMOTO Yui,(Side),F,FMS,HIRANO Miu,F,Flick,B,R,攻撃
38,Abyell,18:16.2,00:06.3,1:01,0:00,RedELF,#04,HAMAMOTO Yui,(Side),F,FMS,HIRANO Miu,F,Stop,FMS,R,攻撃
41,Abyell,20:27.2,00:06.5,1:01,0:01,RedELF,#04,NAGASAKI Miyu,Back,B,BS,MAEDA Miyu,B,ドライブ,B,L,攻撃
